Reference,Pin,PinName,ElectricalType,Net
U1,1,GND,W,GND
U1,3,EN,I,MCU_EN
U1,5,IO5,B,LCD_SIO1_MCU
U1,7,IO7,B,LCD_SIO3_MCU
U1,9,IO16,B,NC
U1,11,IO18,B,GNSS_UART_RX_3V3
U1,13,USB_D-,B,USB_D_N_MCU
U1,15,IO3,B,NC
U1,17,IO9,B,NC
U1,19,IO11,B,TP_INT_N
U1,21,IO13,B,LCD_TE
U1,23,IO21,B,QMI_INT1
U1,25,IO48,B,TYPEC_INT_N
U1,27,IO0,B,BOOT_N
U1,29,IO36,B,NC
U1,31,IO38,B,LCD_CLK_MCU
U1,33,IO40,B,CHARGER_INT_N
U1,35,IO42,B,MAG_DRDY
U1,37,TXD0/IO43,B,UART0_TX
U1,39,IO1,B,LCD_RESET_N
U1,41,EP_GND,W,GND
U1,2,3V3,W,3V3
U1,4,IO4,B,LCD_SIO0_MCU
U1,6,IO6,B,LCD_SIO2_MCU
U1,8,IO15,B,I2C_SDA
U1,10,IO17,B,GNSS_UART_TX_3V3
U1,12,IO8,B,NC
U1,14,USB_D+,B,USB_D_P_MCU
U1,16,IO46,B,NC
U1,18,IO10,B,FUNC_KEY_N
U1,20,IO12,B,LCD_CS_N_MCU
U1,22,IO14,B,I2C_SCL
U1,24,IO47,B,GNSS_RESET_DRV
U1,26,IO45,B,NC
U1,28,IO35,B,NC
U1,30,IO37,B,NC
U1,32,IO39,B,QMI_INT2
U1,34,IO41,B,GNSS_PPS_3V3
U1,36,RXD0/IO44,B,UART0_RX
U1,38,IO2,B,TP_RESET_N
U1,40,GND,W,GND
J3,1,FPC_1,P,GND
J3,3,FPC_3,P,NC
J3,5,FPC_5,P,NC
J3,7,FPC_7,P,GND
J3,9,FPC_9,P,NC
J3,11,FPC_11,P,LCD_TE
J3,13,FPC_13,P,LCD_SIO3
J3,15,FPC_15,P,LCD_SIO1
J3,17,FPC_17,P,LCD_CS_N
J3,19,FPC_19,P,NC
J3,21,FPC_21,P,3V3_DISPLAY
J3,23,FPC_23,P,3V3_DISPLAY
J3,25,FPC_25,P,GND
J3,27,FPC_27,P,I2C_SCL
J3,29,FPC_29,P,TP_RESET_N
J3,31,FPC_31,P,GND
J3,2,FPC_2,P,NC
J3,4,FPC_4,P,GND
J3,6,FPC_6,P,NC
J3,8,FPC_8,P,NC
J3,10,FPC_10,P,GND
J3,12,FPC_12,P,LCD_SIO2
J3,14,FPC_14,P,LCD_CLK
J3,16,FPC_16,P,LCD_SIO0
J3,18,FPC_18,P,LCD_RESET_N
J3,20,FPC_20,P,GND
J3,22,FPC_22,P,3V3_DISPLAY
J3,24,FPC_24,P,3V3_DISPLAY
J3,26,FPC_26,P,3V3_DISPLAY
J3,28,FPC_28,P,I2C_SDA
J3,30,FPC_30,P,TP_INT_N
J1,A1,GND,P,GND
J1,A5,CC1,B,USB_CC1
J1,A7,D-,B,USB_D_N_CONN
J1,A9,VBUS,P,USB_VBUS
J1,B1,GND,P,GND
J1,B5,CC2,B,USB_CC2
J1,B7,D-,B,USB_D_N_CONN
J1,B9,VBUS,P,USB_VBUS
J1,S1,SHIELD,P,USB_SHIELD
J1,A4,VBUS,P,USB_VBUS
J1,A6,D+,B,USB_D_P_CONN
J1,A8,SBU1,P,NC
J1,A12,GND,P,GND
J1,B4,VBUS,P,USB_VBUS
J1,B6,D+,B,USB_D_P_CONN
J1,B8,SBU2,P,NC
J1,B12,GND,P,GND
U11,1,D+,P,USB_D_P_CONN
U11,3,D-,P,USB_D_N_CONN
U11,2,GND,W,GND
U4,1,CC1,B,USB_CC1
U4,3,PORT,I,GND
U4,5,ADDR,I,GND
U4,7,SDA/OUT1,B,I2C_SDA
U4,9,ID,C,NC
U4,11,EN_N,I,GND
U4,2,CC2,B,USB_CC2
U4,4,VBUS_DET,I,TYPEC_VBUS_DET
U4,6,INT_N/OUT3,C,TYPEC_INT_N
U4,8,SCL/OUT2,B,I2C_SCL
U4,10,GND,W,GND
U4,12,VDD,W,3V3
U2,1,BTST,P,BQ_BTST
U2,3,PG,C,CHARGER_PG_N
U2,5,TS_BIAS,w,BQ_TS_BIAS
U2,7,QON,I,BQ_QON
U2,9,SYS,w,SYS
U2,11,INT,C,CHARGER_INT_N
U2,13,SCL,I,I2C_SCL
U2,15,GND,W,GND
U2,17,PMID,P,BQ_PMID
U2,2,REGN,w,BQ_REGN
U2,4,ILIM,B,BQ_ILIM
U2,6,TS,I,BAT_TS
U2,8,BAT,W,BAT
U2,10,STAT,C,CHARGER_STAT_N
U2,12,SDA,B,I2C_SDA
U2,14,CE,I,BQ_CE_N
U2,16,SW,w,BQ_SW
U2,18,VBUS,W,USB_VBUS
J2,1,BAT+,P,BAT
J2,3,BAT-,P,GND
J2,2,NTC,P,BAT_TS
U3,1,PS/SYNC,I,TPS_EN_SYNC
U3,3,VAUX,w,TPS63070_VAUX
U3,5,FB,I,TPS63070_FB
U3,7,VOUT,w,3V3
U3,9,L2,w,TPS63070_L2
U3,11,L1,w,TPS63070_L1
U3,13,VIN,W,SYS
U3,15,VSEL,I,GND
U3,2,PG,C,3V3_PG_N
U3,4,GND,W,GND
U3,6,FB2,P,NC
U3,8,VOUT,P,3V3
U3,10,PGND,W,GND
U3,12,VIN,W,SYS
U3,14,EN,I,TPS_EN_SYNC
U5,1,SDO/SA0,I,GND
U5,3,SCx,B,NC
U5,5,VDDIO,W,3V3
U5,7,GND,W,GND
U5,9,INT2,O,QMI_INT2
U5,11,RESV-NC,N,NC
U5,13,SCL,B,I2C_SCL
U5,2,SDx,B,NC
U5,4,INT1,O,QMI_INT1
U5,6,GND,W,GND
U5,8,VDD,W,3V3
U5,10,RESV,I,3V3
U5,12,CS,I,3V3
U5,14,SDA,B,I2C_SDA
U6,1,SCL/SPC,I,I2C_SCL
U6,3,CS,I,3V3
U6,5,C1,P,LIS2MDL_C1
U6,7,INT/DRDY,O,MAG_DRDY
U6,9,VDD,W,3V3
U6,11,NC,N,NC
U6,2,NC,N,NC
U6,4,SDA/SDI/SDO,B,I2C_SDA
U6,6,GND,W,GND
U6,8,GND,W,GND
U6,10,VDD_IO,W,3V3
U6,12,NC,N,NC
U7,1,IN,W,3V3
U7,3,EN,I,3V3
U7,5,OUT,w,GNSS_3V0
U7,2,GND,W,GND
U7,4,NC,N,NC
U8,1,B2,I,GNSS_TX_3V0
U8,3,VCCA,W,3V3
U8,5,A1,I,GNSS_UART_TX_3V3
U8,7,VCCB,W,GNSS_3V0
U8,2,GND,W,GND
U8,4,A2Y,O,GNSS_UART_RX_3V3
U8,6,OE,I,3V3
U8,8,B1Y,O,GNSS_RX_3V0
U9,1,NC,N,NC
U9,3,GND,W,GND
U9,5,VCC,W,3V3
U9,2,A,I,GNSS_PPS_3V0
U9,4,Y,O,GNSS_PPS_3V3
Q1,1,G,I,GNSS_RESET_DRV
Q1,3,D,P,GNSS_RESET_N_1V8
Q1,2,S,P,GND
U10,1,GND,W,GND
U10,3,RXD,I,GNSS_RX_3V0
U10,5,RESERVED,N,NC
U10,7,RESERVED,N,NC
U10,9,RESET_N,I,GNSS_RESET_N_1V8
U10,11,RF_IN,I,GNSS_RF_IN
U10,13,ANT_ON,O,GNSS_ANT_ON
U10,15,RESERVED,N,NC
U10,17,I2C_SCL,B,NC
U10,19,RESERVED,N,NC
U10,21,GEOFENCE,O,NC
U10,23,3D_FIX,O,NC
U10,25,SPI_CLK,I,NC
U10,27,SPI_MOSI,I,NC
U10,2,TXD,O,GNSS_TX_3V0
U10,4,1PPS,O,GNSS_PPS_3V0
U10,6,V_BCKP,W,GNSS_3V0
U10,8,VCC,W,GNSS_3V0
U10,10,GND,W,GND
U10,12,GND,W,GND
U10,14,VDD_RF,w,GNSS_VDD_RF
U10,16,I2C_SDA,B,NC
U10,18,RESERVED,N,NC
U10,20,SPI_CS,I,NC
U10,22,JAM_IND,O,NC
U10,24,D_SEL,I,GND
U10,26,SPI_MISO,O,NC
U10,28,GND,W,GND
R1,1,1,P,LCD_SIO0_MCU
R1,2,2,P,LCD_SIO0
R2,1,1,P,LCD_SIO1_MCU
R2,2,2,P,LCD_SIO1
R3,1,1,P,LCD_SIO2_MCU
R3,2,2,P,LCD_SIO2
R4,1,1,P,LCD_SIO3_MCU
R4,2,2,P,LCD_SIO3
R5,1,1,P,LCD_CLK_MCU
R5,2,2,P,LCD_CLK
R6,1,1,P,LCD_CS_N_MCU
R6,2,2,P,LCD_CS_N
FB1,1,1,P,3V3
FB1,2,2,P,3V3_DISPLAY
R7,1,1,P,3V3
R7,2,2,P,LCD_RESET_N
R8,1,1,P,3V3
R8,2,2,P,TP_RESET_N
R9,1,1,P,3V3
R9,2,2,P,TP_INT_N
C1,1,1,P,3V3_DISPLAY
C1,2,2,P,GND
C2,1,1,P,3V3_DISPLAY
C2,2,2,P,GND
R12,1,1,P,USB_SHIELD
R12,2,2,P,GND
C3,1,1,P,USB_SHIELD
C3,2,2,P,GND
R13,1,1,P,USB_D_P_CONN
R13,2,2,P,USB_D_P_MCU
R14,1,1,P,USB_D_N_CONN
R14,2,2,P,USB_D_N_MCU
R15,1,1,P,USB_VBUS
R15,2,2,P,TYPEC_VBUS_DET
R16,1,1,P,3V3
R16,2,2,P,TYPEC_INT_N
D1,1,1,P,USB_VBUS
D1,2,2,P,GND
C4,1,1,P,USB_VBUS
C4,2,2,P,GND
C5,1,1,P,USB_VBUS
C5,2,2,P,GND
C6,1,1,P,3V3
C6,2,2,P,GND
C7,1,1,P,BQ_BTST
C7,2,2,P,BQ_SW
C8,1,1,P,BQ_REGN
C8,2,2,P,GND
R17,1,1,P,3V3
R17,2,2,P,CHARGER_PG_N
R18,1,1,P,BQ_ILIM
R18,2,2,P,GND
R19,1,1,P,BQ_TS_BIAS
R19,2,2,P,BAT_TS
R20,1,1,P,BAT_TS
R20,2,2,P,GND
C9,1,1,P,BAT
C9,2,2,P,GND
L1,1,1,P,BQ_SW
L1,2,2,P,SYS
C10,1,1,P,SYS
C10,2,2,P,GND
C11,1,1,P,SYS
C11,2,2,P,GND
C12,1,1,P,BQ_PMID
C12,2,2,P,GND
C13,1,1,P,USB_VBUS
C13,2,2,P,GND
R21,1,1,P,3V3
R21,2,2,P,CHARGER_STAT_N
R22,1,1,P,3V3
R22,2,2,P,CHARGER_INT_N
R23,1,1,P,BQ_CE_N
R23,2,2,P,GND
L2,1,1,P,TPS63070_L1
L2,2,2,P,TPS63070_L2
C14,1,1,P,SYS
C14,2,2,P,GND
C15,1,1,P,SYS
C15,2,2,P,GND
C16,1,1,P,3V3
C16,2,2,P,GND
C17,1,1,P,3V3
C17,2,2,P,GND
C18,1,1,P,TPS63070_VAUX
C18,2,2,P,GND
R24,1,1,P,3V3
R24,2,2,P,TPS63070_FB
R25,1,1,P,TPS63070_FB
R25,2,2,P,GND
R26,1,1,P,3V3
R26,2,2,P,3V3_PG_N
R34,1,1,P,SYS
R34,2,2,P,TPS_EN_SYNC
R27,1,1,P,3V3
R27,2,2,P,I2C_SCL
R28,1,1,P,3V3
R28,2,2,P,I2C_SDA
C19,1,1,P,3V3
C19,2,2,P,GND
C20,1,1,P,3V3
C20,2,2,P,GND
R29,1,1,P,3V3
R29,2,2,P,MCU_EN
C21,1,1,P,MCU_EN
C21,2,2,P,GND
SW2,1,1,P,MCU_EN
SW2,2,2,P,GND
R30,1,1,P,3V3
R30,2,2,P,BOOT_N
SW3,1,1,P,BOOT_N
SW3,2,2,P,GND
R31,1,1,P,3V3
R31,2,2,P,FUNC_KEY_N
SW4,1,1,P,FUNC_KEY_N
SW4,2,2,P,GND
SW1,1,1,P,BQ_QON
SW1,2,2,P,GND
C22,1,1,P,3V3
C22,2,2,P,GND
C23,1,1,P,3V3
C23,2,2,P,GND
C24,1,1,P,3V3
C24,2,2,P,GND
C25,1,1,P,3V3
C25,2,2,P,GND
C26,1,1,P,LIS2MDL_C1
C26,2,2,P,GND
C27,1,1,P,3V3
C27,2,2,P,GND
C28,1,1,P,GNSS_3V0
C28,2,2,P,GND
C29,1,1,P,3V3
C29,2,2,P,GND
C30,1,1,P,GNSS_3V0
C30,2,2,P,GND
R32,1,1,P,GNSS_RESET_DRV
R32,2,2,P,GND
J4,1,RF,P,GNSS_ANT_BIASED
J4,3,GND,W,GND
J4,2,GND,W,GND
D2,1,1,P,GNSS_ANT_BIASED
D2,2,2,P,GND
L3,1,1,P,GNSS_VDD_RF
L3,2,2,P,GNSS_ANT_BIASED
C31,1,1,P,GNSS_ANT_BIASED
C31,2,2,P,GNSS_RF_MATCH_IN
C32,1,1,P,GNSS_RF_MATCH_IN
C32,2,2,P,GND
R33,1,1,P,GNSS_RF_MATCH_IN
R33,2,2,P,GNSS_RF_IN
C33,1,1,P,GNSS_RF_IN
C33,2,2,P,GND
C34,1,1,P,GNSS_3V0
C34,2,2,P,GND
C35,1,1,P,GNSS_3V0
C35,2,2,P,GND
C36,1,1,P,GNSS_3V0
C36,2,2,P,GND
C37,1,1,P,GNSS_3V0
C37,2,2,P,GND
TP1,1,TP,P,USB_VBUS
TP2,1,TP,P,BAT
TP3,1,TP,P,SYS
TP4,1,TP,P,3V3
TP5,1,TP,P,GND
TP6,1,TP,P,I2C_SCL
TP7,1,TP,P,I2C_SDA
TP8,1,TP,P,UART0_TX
TP9,1,TP,P,UART0_RX
TP10,1,TP,P,GNSS_TX_3V0
TP11,1,TP,P,GNSS_RX_3V0
TP12,1,TP,P,GNSS_PPS_3V0
TP13,1,TP,P,GNSS_RESET_N_1V8
TP14,1,TP,P,CHARGER_INT_N
TP15,1,TP,P,TYPEC_INT_N
TP16,1,TP,P,GNSS_3V0
TP17,1,TP,P,GNSS_ANT_ON
#FLG01,1,PWR_FLAG,w,USB_VBUS
#FLG02,1,PWR_FLAG,w,BAT
#FLG03,1,PWR_FLAG,w,GND
